frame_index,human_index,img_x,img_y,world_X,world_Y,world_Z
0,0,636.3188,587.53503,3.784063287453324,10.586178026547723,0.0
0,1,515.0024,425.9398,2.67572026476293,2.489896616766252,0.0
1,0,636.6794,587.1888,3.7882178418718526,10.575898369172963,0.0
1,1,515.1854,425.92715,2.6784617768866146,2.488611854020263,4.440892098500626e-16
2,0,637.03973,586.8468,3.792366347355562,10.565727300891258,0.0
2,2,518.6895,426.5027,2.7311126831747066,2.5339134932792398,-4.440892098500626e-16
3,0,637.6647,585.6883,3.801116791655251,10.531150603180429,-4.440892098500626e-16
3,2,519.24646,426.31393,2.7394428662112786,2.5171946714679123,4.440892098500626e-16
4,0,638.8484,584.13116,3.8160682722670236,10.484329843051182,0.0
4,1,517.16174,426.17227,2.708167632705876,2.5073937589072273,-4.440892098500626e-16
5,0,639.6856,581.8405,3.8300711631038835,10.414778688705562,0.0
5,1,518.9793,426.3863,2.735443716091701,2.5236663034463263,0.0
6,0,640.4084,579.6114,3.843021596211505,10.346282458608169,0.0
6,2,522.3519,426.57968,2.785983598924051,2.536447801416461,0.0
7,0,640.64777,577.9743,3.8499539459938945,10.29547157021355,0.0
7,1,523.29645,426.60855,2.8001352624625095,2.5378700858383745,0.0
8,0,640.56445,576.3196,3.8540214149989085,10.243679189056325,0.0
8,1,527.0125,426.80148,2.8557767394602744,2.550224172764196,0.0
9,0,639.6341,574.53455,3.85065770144091,10.187345546213106,0.0
9,2,527.30383,427.08612,2.8600125561049006,2.5741152225890893,0.0
10,0,638.09424,571.39886,3.845554410594062,10.087084679678673,-4.440892098500626e-16
10,2,530.3459,427.34644,2.905408835674593,2.5928892816587883,-4.440892098500626e-16
11,0,635.9189,569.3476,3.831193413217318,10.02067457772671,4.440892098500626e-16
11,3,538.53174,426.48126,3.0291059122888906,2.5101904823920975,0.0
12,0,632.66504,569.6071,3.7998900819206076,10.029381923835963,0.0
12,3,538.59937,426.71268,3.0298446451130916,2.5299009995654522,0.0
13,1,556.3582,469.9357,3.21095432149947,5.6235381092423395,0.0
13,3,538.3495,426.55865,3.026269417384235,2.51701340965376,0.0
14,1,576.50476,500.02063,3.395857972019812,7.255481970884031,0.0
14,3,538.123,426.5373,3.0228855436447217,2.515436657295986,0.0
15,0,630.22034,568.1393,3.78104178107046,9.98156978223003,0.0
15,2,532.8926,427.1268,2.9437225493965435,2.5714581782438835,4.440892098500626e-16
16,0,627.8083,566.9193,3.7616754289719525,9.941585295295809,0.0
16,2,534.8044,426.94205,2.9725687456795704,2.5536410746968308,0.0
17,0,625.0416,565.6811,3.738876525899424,9.900773342764193,4.440892098500626e-16
17,2,536.37384,426.93683,2.996140201406556,2.5514726400356693,4.440892098500626e-16
18,0,622.58923,564.9036,3.717698350174526,9.875078560414595,-4.440892098500626e-16
18,1,565.44183,478.2374,3.3093450858954676,6.106470093192055,0.0
19,0,619.35077,564.34344,3.6884058000985256,9.856636786912418,0.0
19,1,557.72314,462.9543,3.2408152765532092,5.18881915904397,0.0
20,0,616.3278,564.785,3.658593393340773,9.871672634059314,0.0
20,1,552.12354,452.1424,3.185527879980152,4.473876256612101,0.0
21,0,612.5848,565.7298,3.620853974622891,9.903466940039477,0.0
21,2,537.37994,427.026,3.0111523006510827,2.557964062244512,4.440892098500626e-16
22,0,608.86804,566.54535,3.5838731121036664,9.930804527386817,0.0
22,2,538.25574,427.97342,3.023191435183329,2.6373629709471906,0.0
23,0,605.3662,567.8049,3.5481389382994144,9.972573535365795,0.0
23,3,537.56104,426.88147,3.014035950448422,2.545449360691414,-4.440892098500626e-16
24,0,602.00543,569.7807,3.5125155447108263,10.037317380782508,0.0
24,2,536.20703,427.72543,2.992812268057599,2.6186184754824993,0.0
25,0,599.0187,571.68384,3.4809030066254047,10.098978423704725,0.0
25,2,533.62396,427.44604,2.95440985258042,2.597763142205917,0.0
26,0,596.65186,573.42303,3.4556573882762103,10.15472853446412,0.0
26,2,530.6923,427.03638,2.9108062159439023,2.5661787701218373,0.0
27,0,594.7492,574.54285,3.4360459785696786,10.190361898508566,0.0
27,2,527.73895,427.10712,2.866517919743022,2.5754229594244045,4.440892098500626e-16
28,0,593.5534,575.5481,3.423245836399561,10.222129857152353,0.0
28,2,525.9129,427.55832,2.8390149392896746,2.615657519918841,-4.440892098500626e-16
29,0,592.46466,576.3754,3.4118067980525746,10.248149299507887,0.0
29,2,526.54913,428.78412,2.8480188516311413,2.7181083725793016,0.0
30,0,591.3581,577.04944,3.400519734679516,10.26927131465905,0.0
30,2,528.3506,429.5206,2.8744117331858376,2.7776504378823255,4.440892098500626e-16
31,0,590.5238,577.67834,3.3918340789447035,10.288897361940167,0.0
31,2,530.20734,430.46494,2.9013350994978,2.8539573162167926,4.440892098500626e-16
32,0,589.6767,578.11786,3.3833765070042565,10.302587277456176,0.0
32,2,529.7896,431.0897,2.8947893737542327,2.9058204467100595,4.440892098500626e-16
33,0,588.9303,578.52246,3.375913241455718,10.315157442261366,0.0
33,2,529.87695,430.40207,2.8964951861570363,2.849111229999391,0.0
34,0,588.16656,578.926,3.3683109180890662,10.327668942777665,0.0
34,2,528.79474,429.77103,2.8808574755541443,2.79799416482172,4.440892098500626e-16
35,0,587.8938,579.82776,3.3643811038708336,10.355455049375959,0.0
35,3,536.7764,428.16165,3.000865926838473,2.654846710843721,0.0
36,0,587.5766,581.0949,3.359487640400106,10.394273825623431,0.0
36,4,546.8849,433.53455,3.1429876426542678,3.0873740868931705,0.0
37,0,587.25684,581.8615,3.355390310719505,10.417637918524948,0.0
37,2,533.8529,431.48877,2.9543109730811246,2.9343537405325186,0.0
38,0,587.0053,581.9973,3.3529099115086356,10.421775109358078,0.0
39,0,586.69006,581.5415,3.3507803767392312,10.40792628100275,0.0
40,0,586.69714,581.2001,3.3513783132001524,10.397520812140899,4.440892098500626e-16
41,0,586.9024,580.48004,3.3543648152844363,10.37550763640072,0.0
41,3,561.3351,429.81134,3.3645548510704635,2.7669778378721723,0.0
42,0,586.8027,579.7651,3.3545899324365958,10.3535801114509,0.0
42,2,562.9449,433.40256,3.3788681933758764,3.060584933245,4.440892098500626e-16
43,0,587.33655,578.05865,3.3621597831012124,10.300872332369092,0.0
43,2,585.6253,436.86453,3.6993213565579373,3.31504487786356,-4.440892098500626e-16
44,0,588.4354,576.1501,3.37530181355958,10.241320054964502,0.0
44,2,603.79456,442.5946,3.9360540145402805,3.740608276784524,0.0
45,0,589.98883,574.7079,3.3919690929262583,10.19586651238252,0.0
45,2,622.78033,447.8959,4.176771826967374,4.116611989829369,4.440892098500626e-16
46,0,591.1741,574.28656,3.403595483457372,10.182474051638088,0.0
46,2,637.1261,451.33337,4.35625910131769,4.351204419243345,0.0
47,0,593.1712,574.1891,3.4221553078110456,10.179264468500405,0.0
47,2,645.7467,452.34967,4.469199124146344,4.4160740877181475,0.0
48,0,595.5643,574.9644,3.442772909017292,10.20362664403372,0.0
48,2,649.5393,453.0304,4.517030409092118,4.460835456580369,0.0
49,0,597.8396,575.969,3.4618007068928605,10.235104368631598,0.0
49,2,652.57007,454.19406,4.550677150456039,4.539510242231941,-4.440892098500626e-16
50,0,600.1034,578.50116,3.477695255625613,10.313932360438434,0.0
50,2,654.5719,455.18796,4.5711272339764815,4.60661902335125,4.440892098500626e-16
51,0,602.2128,580.7549,3.492525956643238,10.383228677674367,0.0
51,1,584.3599,453.0414,3.621705413631246,4.5115426891134796,0.0
52,0,603.6905,583.37897,3.5007708853514155,10.46295114141055,0.0
52,1,606.9785,453.10568,3.930511694013335,4.4987611654386015,-4.440892098500626e-16
53,0,605.00165,585.30273,3.508786545112693,10.520710956156517,0.0
53,1,623.27606,452.9881,4.154856407817688,4.478108381730326,0.0
54,0,605.73126,586.3334,3.5132915146343766,10.551422123707894,0.0
54,1,635.52075,452.80698,4.324699673797718,4.456045497713113,0.0
55,0,606.72034,586.9135,3.5209782559674645,10.568621408941901,4.440892098500626e-16
55,2,656.9729,453.41534,4.6171626079136825,4.481993128574178,0.0
56,0,607.69403,587.0147,3.529465227655936,10.571592941402134,0.0
56,2,658.0735,452.29816,4.6407841128665,4.402826823429471,0.0
57,0,609.5701,585.812,3.548680071418776,10.535769557389289,0.0
57,2,660.05005,452.7259,4.665022037295845,4.431358372862331,-4.440892098500626e-16
58,0,612.70746,583.9352,3.5808045231416044,10.479388694984317,0.0
58,1,643.3026,452.3047,4.435616348106174,4.414818880490348,0.0
59,0,617.89154,581.0406,3.6341381824473546,10.391272944614819,0.0
59,2,660.52075,452.34726,4.674462516722125,4.404370567271634,0.0
60,0,624.65045,577.1861,3.7051754845359617,10.271726233822433,0.0
60,2,658.38605,450.44354,4.659246197882473,4.271004818079533,0.0
61,0,632.0091,572.277,3.786256378233829,10.115771018957602,0.0
61,4,578.0299,436.076,3.591532399031149,3.259975673869679,0.0
62,0,639.02814,567.5249,3.8659228844132087,9.960651381611275,0.0
63,0,647.4602,565.1991,3.953268482286338,9.882747166403897,0.0
64,0,655.46735,562.7246,4.038312124155929,9.798733782388776,0.0
65,0,661.94244,560.7064,4.10808995172733,9.729276756050021,0.0
66,0,667.8017,557.62946,4.176966653500058,9.622166741641148,0.0
67,0,672.1356,554.81714,4.230973293494015,9.52266469231658,4.440892098500626e-16
68,0,675.591,551.83887,4.27788574881762,9.415613109457935,0.0
68,4,598.1067,439.84607,3.867459312990836,3.535977430401946,0.0
68,5,641.6,447.98956,4.441036587061128,4.10781631192836,0.0
69,0,678.40826,549.5023,4.316338593214691,9.330281090346599,-4.440892098500626e-16
69,3,584.8767,433.28885,3.702717876984105,3.0291903973927923,0.0
70,0,679.9366,548.68774,4.335351860147974,9.300173921232474,0.0
70,2,653.3912,446.56714,4.618333668629765,3.9937923680539775,0.0
71,0,680.9375,547.7838,4.349565652301379,9.266689942381253,0.0
71,2,650.00995,446.78134,4.568662752799454,4.012428614964744,4.440892098500626e-16
72,0,681.2834,546.72845,4.357950893756271,9.2274903191424,0.0
72,2,646.99963,446.5749,4.5274184048076505,3.9997916157467337,-4.440892098500626e-16
73,1,655.0317,479.47595,4.4179313864284,6.130752049384514,0.0
73,2,643.80457,445.03125,4.493006754125519,3.888211785716866,4.440892098500626e-16
74,1,663.6868,498.85147,4.410685198039919,7.164776262164706,0.0
74,2,639.2703,443.7363,4.437219913120968,3.7952157789975054,0.0
75,1,669.84326,511.95605,4.409687315497512,7.791661632967919,0.0
75,2,634.6974,442.55035,4.379604438934402,3.709641648609196,0.0
76,1,674.7523,520.99036,4.416300519573834,8.1940487241719,0.0
76,2,631.149,442.04102,4.331855166645817,3.674091777236555,-4.440892098500626e-16
77,0,682.961,545.31006,4.3816013281490775,9.174233366907028,0.0
77,2,629.92456,441.88263,4.315228858652282,3.6631222602876363,4.440892098500626e-16
78,0,684.69403,544.1258,4.404887245443116,9.129363085173951,0.0
78,2,630.5991,442.0945,4.323578568285826,3.6786642235561047,0.0
79,0,686.0934,543.10657,4.42412190835085,9.090500856458101,0.0
79,2,632.36224,442.03967,4.349360859737409,3.672893222510652,4.440892098500626e-16
80,0,687.10095,542.7304,4.4362739438912655,9.076015234822457,0.0
80,2,633.2861,441.93835,4.36336430560792,3.664331148536796,0.0
81,0,687.92773,541.8762,4.448989767311386,9.04323925136548,0.0
81,1,662.69214,497.40762,4.407076781072238,7.092475390183834,0.0
82,0,688.1772,541.46686,4.453599939533834,9.027496564850189,0.0
82,2,632.89667,440.74136,4.365757230657815,3.5729044720987453,0.0
83,0,688.1493,540.68866,4.457227287607963,8.997549038278418,0.0
83,2,634.3376,438.41644,4.402663766083197,3.3906202816518203,-4.440892098500626e-16
84,0,687.8985,539.5637,4.460327064178856,8.954050194730986,0.0
84,1,653.8839,477.84204,4.413325614183032,6.037227179141192,0.0
85,0,687.25354,538.96246,4.456706967006576,8.930774781179071,0.0
85,1,647.5129,463.8109,4.4176527403633905,5.184828532432832,0.0
86,0,685.8451,538.8239,4.442835332071945,8.925627380626109,0.0
86,2,634.5697,434.19583,4.4359949272098795,3.052649036953447,-4.440892098500626e-16
87,0,685.2248,539.2516,4.434279917803994,8.942396031143842,0.0
87,2,635.82635,430.0696,4.485423926135009,2.709052614946053,0.0
88,0,684.19135,540.0577,4.419614641454315,8.973856496331804,0.0
88,2,636.4124,427.3605,4.515188867284633,2.476845473011604,0.0
89,0,682.8001,541.45544,4.3984679767992345,9.027972792240485,0.0
89,2,637.46387,424.56433,4.553634477591367,2.230704390405265,4.440892098500626e-16
90,0,681.03094,542.7751,4.374012261960617,9.078719171899683,0.0
90,2,638.46985,422.33035,4.587671561657681,2.02932405208146,0.0
91,0,679.0432,544.1228,4.347398789922654,9.130153847000795,0.0
91,2,640.3229,421.03293,4.627876889122335,1.908901709043647,0.0
92,0,677.82153,545.23785,4.32983117663539,9.17232285384725,0.0
92,2,641.8132,420.4574,4.65649971773248,1.85417637448759,0.0
93,0,677.27313,546.0704,4.320468552925469,9.203567722289213,0.0
93,2,642.8942,419.01987,4.686383027037834,1.7194758936713725,0.0
94,0,676.27496,546.70703,4.307500189873066,9.227445228222155,0.0
94,1,646.67224,447.19214,4.518323094862427,4.045389919637458,-4.440892098500626e-16
95,0,673.99756,547.4533,4.281218754903203,9.255478657797347,0.0
95,1,647.40125,434.21054,4.627696745113234,3.0408198383511973,-4.440892098500626e-16
96,0,671.46295,548.51794,4.251101708241973,9.295141035853309,0.0
96,2,647.52325,412.69788,4.820675075900427,1.1049922109893373,0.0
97,0,668.5377,549.9663,4.215665139812755,9.348608616763359,0.0
97,2,652.68756,409.27673,4.941569663040724,0.7526058224645347,0.0
98,0,664.80115,551.46655,4.17227142090676,9.403589466738568,0.0
98,2,657.1193,407.65768,5.034001058277312,0.5785756118664018,0.0
99,0,660.4085,552.59186,4.124258165623203,9.444702254804005,0.0
99,2,660.6137,406.01968,5.112169626715491,0.4009958530732227,0.0
100,0,655.122,553.2281,4.069611677945291,9.468171724833603,0.0
100,2,664.5307,404.22134,5.200937428569175,0.20237846856442232,0.0
101,0,648.95667,554.08307,4.005790508720387,9.499427384061915,-4.440892098500626e-16
101,2,668.8146,403.1389,5.288758011422655,0.07788445058131543,0.0
102,0,642.4387,554.8924,3.9390442770126386,9.528927351055513,0.0
102,2,672.9668,402.77286,5.365960295809815,0.03104403102052089,0.0
103,0,636.27747,557.0157,3.8720141313436187,9.60428958504413,0.0
103,2,677.07935,401.29474,5.457888411461968,-0.13931554929078516,0.0
104,0,630.3264,559.3852,3.807154114316983,9.687146261365559,0.0
104,2,681.4991,399.4367,5.562189295337106,-0.3561065151521632,0.0
105,0,624.68506,562.6515,3.743716930716435,9.799204382090728,0.0
105,3,617.8791,421.2568,4.271528447209339,1.9568480138425492,0.0
106,0,619.70294,565.29663,3.689300400950401,9.888440877151677,0.0
106,2,686.32983,398.2711,5.665684901323593,-0.497963617053923,0.0
107,0,615.32776,567.5886,3.6422713026090667,9.964668685352063,0.0
107,2,691.1094,397.0833,5.769993984846771,-0.644231308645896,0.0
108,0,611.59375,570.1499,3.6012336061583454,10.04858579792439,0.0
108,1,663.8844,423.0947,4.981711511379434,2.06783564106734,0.0
109,0,608.2872,572.35345,3.5655266366017204,10.119823510425919,0.0
109,2,695.3017,396.535,5.854741615939668,-0.7160102061907025,0.0
110,0,605.52545,574.4823,3.5354379668218705,10.18778659059762,0.0
110,2,699.4536,396.38028,5.93285394344652,-0.7417247433341245,-4.440892098500626e-16
111,0,603.4191,576.7238,3.5114828604740085,10.258439067590047,0.0
111,3,646.1724,412.11,4.804063481931798,1.0484386510088868,0.0
112,0,602.2524,579.4058,3.495512580571128,10.34178138172442,0.0
112,3,667.3958,403.87976,5.254804885277825,0.1608341128813251,0.0
113,0,601.5515,581.84125,3.4844480162952496,10.416417886085297,0.0
113,3,683.32996,395.67175,5.650286497938996,-0.7961401510154076,0.0
114,0,601.0555,583.06335,3.4776492941267247,10.453515885200286,0.0
114,3,694.65857,388.9014,5.969922394535076,-1.6491529309834796,0.0
115,0,600.8351,583.8703,3.4741469645049867,10.477875950592667,0.0
116,0,600.8301,584.70996,3.472529968943414,10.503106721857153,0.0
117,0,601.1193,585.0091,3.4745633984622226,10.512058422972599,4.440892098500626e-16
118,0,601.49194,585.16437,3.4776105421566443,10.51669230482449,0.0
119,0,601.8587,584.91895,3.481359586232669,10.509333022426826,4.440892098500626e-16
119,1,686.119,403.87314,5.580883637011663,0.13007842820772098,0.0
120,0,602.33795,585.0535,3.485399871576762,10.513346199849678,4.440892098500626e-16
121,0,602.3435,584.53674,3.486432967655869,10.497856698063321,0.0
122,0,601.9857,584.09985,3.4840521135094065,10.484742211758272,0.0
122,1,701.52155,391.7287,6.049944450348747,-1.3076234098631048,-4.440892098500626e-16
123,0,601.2683,584.5058,3.476843600477177,10.496966508456483,0.0
124,0,600.695,585.0799,3.4706295167788537,10.514192134728178,0.0
124,2,709.9968,387.79752,6.282355903525067,-1.8223514078117482,4.440892098500626e-16
125,0,600.10706,587.66565,3.460617099633712,10.591069816572524,0.0
125,1,711.65436,386.04788,6.348263192080358,-2.0545268290051624,0.0
126,0,599.3978,591.2899,3.447820114802656,10.697098795015878,0.0
126,2,716.8716,385.18484,6.466950925961342,-2.1802553269227936,0.0
127,0,599.2438,594.27435,3.441220596824529,10.782930650145556,0.0
127,2,720.98816,383.4535,6.583811499978183,-2.422640554858056,0.0
128,0,598.91095,596.11334,3.435132706664975,10.835176598751044,0.0
128,2,724.05963,382.7667,6.659331203368109,-2.5234217191863806,0.0
129,0,598.65674,597.5392,3.430484822151601,10.875350204388164,0.0
129,3,705.7818,387.1308,6.214142447858198,-1.9001471661406768,0.0
130,0,598.88586,597.9062,3.4318463118213236,10.885642495685872,0.0
130,3,713.6438,386.71408,6.373581335099894,-1.9711109307309336,0.0
131,0,598.9097,597.86426,3.4321245673839322,10.884467487515218,0.0
131,3,719.653,387.71448,6.469377246851626,-1.8531686108519132,0.0
132,0,599.2398,597.1894,3.4361423380171923,10.865518056309805,0.0
132,3,724.5277,388.23505,6.55244869023185,-1.7958235492609766,4.440892098500626e-16
133,0,598.4225,595.4827,3.431960041221778,10.81732234480524,0.0
133,2,726.7447,384.8821,6.6662517139611435,-2.24220676110383,0.0
134,0,596.8345,593.4983,3.421465615509,10.760773101515957,0.0
134,2,728.2094,385.2608,6.686716057771684,-2.1946651592980473,0.0
135,0,595.0947,591.9427,3.408814578673919,10.716062586610096,0.0
135,3,725.9735,387.57715,6.59393724055804,-1.8842120121362207,0.0
136,0,593.4731,592.3589,3.393877872034307,10.72809484385437,4.440892098500626e-16
136,2,727.07385,384.97424,6.6707050131441425,-2.2305649452575977,0.0
137,0,593.93024,593.24176,3.3964474766964425,10.75346420030961,0.0
137,2,725.99945,384.68707,6.655861487854665,-2.266780919668278,0.0
138,0,595.93835,593.35876,3.4138496579423054,10.756788161577164,0.0
138,2,722.12115,384.77838,6.577938523873232,-2.24604650812692,0.0
139,0,598.5164,592.64294,3.437688164512209,10.736187017952728,0.0
139,2,716.38275,384.70526,6.467235768452561,-2.2433475830280827,0.0
140,1,680.13446,447.7553,4.989160899453456,4.058522871648801,4.440892098500626e-16
140,2,708.2822,384.67175,6.309800233540152,-2.2302062018870643,0.0
141,1,658.8081,490.84375,4.3979016159085225,6.754586278555562,0.0
141,2,699.74,384.90964,6.139074336805759,-2.179919843871268,0.0
142,1,643.33344,521.75024,4.071331365488296,8.234979093248446,0.0
142,2,689.94366,385.99762,5.9302165274536485,-2.0150398538061864,4.440892098500626e-16
143,0,600.22156,594.5509,3.4492854587139425,10.790805782161456,0.0
143,2,680.86176,387.103,5.737818946167,-1.851858150677387,0.0
144,0,601.4113,597.403,3.454620844117347,10.871508779334485,0.0
144,1,644.56024,482.19687,4.27210631391239,6.290286783649261,0.0
145,0,600.49255,599.5612,3.4429049347121823,10.931823468286561,0.0
145,1,642.8314,454.7455,4.412942220627443,4.584972065240304,0.0
146,0,598.49615,600.7851,3.4236247159830535,10.965733616722247,0.0
146,1,639.5672,436.75217,4.491549871574265,3.253778919339716,0.0
147,0,595.8853,602.1411,3.398988090264413,11.003050211291708,0.0
147,2,664.00183,389.47614,5.383643086311693,-1.5148672311341542,0.0
148,0,593.08875,603.6366,3.372727204269121,11.043897859349277,0.0
148,2,649.75165,390.73096,5.101955348878636,-1.3304581805017115,0.0
149,0,588.35114,606.611,3.328082257715163,11.12420943903338,0.0
149,2,638.7473,391.41055,4.891083321363395,-1.2256485476443473,0.0
150,0,583.8763,607.14484,3.289509888997621,11.138444155848577,4.440892098500626e-16
150,2,629.7142,393.82248,4.7007401118412595,-0.9175013022908232,0.0
151,0,577.32056,608.52545,3.232527615506579,11.175124765948327,0.0
151,2,621.6942,395.11835,4.543888898398093,-0.7497525504594122,0.0
152,0,570.099,610.70685,3.169596431052769,11.232570774885145,0.0
152,2,614.12506,396.3526,4.398017966633162,-0.5925496559720642,0.0
153,0,561.7543,613.32245,3.097706152320154,11.300582675809137,0.0
153,2,607.4355,397.5221,4.270293198971528,-0.44657891945231043,0.0
154,0,552.1477,616.4826,3.016073234184799,11.381523998493982,0.0
154,2,601.21326,398.46188,4.154119257383129,-0.3293002991895264,4.440892098500626e-16
155,0,541.6699,619.7496,2.928634078398139,11.463788741445857,0.0
155,1,621.73376,426.39963,4.296264798462675,2.41002204073882,4.440892098500626e-16
156,0,531.4796,622.7557,2.8450444358105065,11.538236949746462,0.0
156,2,593.32513,400.2896,4.004739192193618,-0.11193979473028648,0.0
157,0,523.0873,626.256,2.7771213425764594,11.623635920977494,0.0
157,2,586.2258,400.8511,3.878933955503869,-0.03841498147066602,0.0
158,0,515.40076,629.3649,2.715937551390015,11.698229905806537,-4.440892098500626e-16
158,2,578.7922,401.66357,3.747132962790369,0.06240628680139082,0.0
159,0,508.54767,631.92163,2.6621348376355987,11.758685379721983,-4.440892098500626e-16
159,2,572.3555,402.02036,3.6356001747889497,0.11142999176998103,4.440892098500626e-16
160,0,502.55908,633.22864,2.615381142936025,11.78915294807017,0.0
160,2,565.6299,402.88242,3.5178651852440685,0.21490260568842245,0.0
161,0,496.43427,634.3882,2.567816938535424,11.81596166079623,4.440892098500626e-16
161,2,559.29675,404.0412,3.407012635727706,0.34811726969042667,0.0
162,0,490.51547,634.7902,2.521748195759764,11.82499374012091,-4.440892098500626e-16
162,2,552.6577,405.76138,3.2910460044698877,0.5385183731962897,0.0
163,0,485.1046,635.0223,2.479654580610717,11.830077010572975,0.0
163,2,546.5371,408.24435,3.1841762049980176,0.8021964703011513,0.0
164,0,479.86508,634.5766,2.4384828822564106,11.81938464747412,0.0
164,1,592.96857,423.6809,3.868440702884975,2.2043623771400185,0.0
165,0,474.74857,634.0994,2.398191381333457,11.807949351872875,0.0
165,2,539.5956,411.6387,3.0653696320298693,1.150033445389571,-4.440892098500626e-16
166,0,469.90747,633.45605,2.35984049408978,11.792622215734914,0.0
166,2,533.72546,414.86658,2.967636463210716,1.4691245287869066,0.0
167,0,466.24075,634.19965,2.3319252125597876,11.809794017313367,0.0
167,3,663.8834,398.01996,5.266834995186588,-0.4876296313262003,-4.440892098500626e-16
168,0,464.19513,634.6031,2.3163875177110365,11.819079612621588,-4.440892098500626e-16
168,2,528.4077,417.22473,2.8820429632512163,1.6972728097972691,0.0
169,0,463.7622,634.9663,2.3133827729459107,11.827506546648973,0.0
169,2,524.4631,418.80588,2.819860083616572,1.8478006043083006,0.0
170,0,464.04388,634.4245,2.315031137761677,11.814909886246692,0.0
170,2,521.62195,420.1452,2.775643324675869,1.9729024831619633,0.0
171,0,465.19327,633.7327,2.32330232347994,11.798826322639325,-4.440892098500626e-16
171,2,519.8572,421.04807,2.7484639602049725,2.056155689427893,0.0
172,0,466.76962,632.2806,2.3342062249655267,11.764843946189329,-4.440892098500626e-16
172,1,569.9537,423.53687,3.5140381539898375,2.2184672807098487,0.0
173,0,468.75122,629.5315,2.34715387847518,11.699815559212173,-4.440892098500626e-16
173,1,554.0142,423.3233,3.2698559796496856,2.218156364093943,0.0
174,0,472.09485,625.8946,2.3702835597069023,11.612512121363869,0.0
174,1,543.1715,422.7794,3.104700603234413,2.182724462898978,0.0
175,0,475.0381,622.2433,2.3905953327009195,11.523305278087031,-4.440892098500626e-16
175,1,536.05475,422.52466,2.996012036496644,2.1684949930697712,0.0
176,0,477.6732,618.0889,2.4083604094427384,11.419859404420478,0.0
176,1,531.54645,422.39294,2.9271165406992514,2.162106397117885,0.0
177,0,480.16455,614.6929,2.4259060370868184,11.33374856115658,0.0
177,1,528.845,421.86707,2.886096158550277,2.11858408897902,0.0
178,0,482.07626,612.5766,2.4399389188131635,11.279369328973573,4.440892098500626e-16
178,2,520.6972,421.1195,2.7613563796560783,2.061547162655639,0.0
179,0,484.1813,610.89276,2.4560280160313983,11.23570580445751,0.0
179,2,521.358,421.81155,2.771445256786498,2.122476327257523,0.0
180,0,486.6583,610.01556,2.475880815384077,11.212838894331231,0.0
180,2,522.4533,423.30026,2.787985312686234,2.2526900624063515,0.0
181,0,490.7369,609.6573,2.509416702022801,11.203523766230521,0.0
181,2,522.6577,423.935,2.7909904261694267,2.307998991209079,0.0
182,0,495.42712,609.41113,2.5481610507168755,11.197143947778532,0.0
182,2,522.64557,424.25873,2.7907540480611677,2.33622187904459,0.0
183,0,498.62195,608.6781,2.574347081673463,11.177901447387743,4.440892098500626e-16
183,2,523.3424,425.7574,2.800997757252371,2.4649905797786644,0.0
184,0,500.29214,607.36743,2.5877026596106822,11.143247177368956,0.0
184,2,522.7686,426.6636,2.7922149001801246,2.54314182371154,4.440892098500626e-16
185,0,501.46777,605.88055,2.596939552770032,11.103645877825215,0.0
185,2,521.8509,427.1266,2.77841732856403,2.5835077085457137,0.0
186,0,501.55228,604.9221,2.5972787091880285,11.077956852453843,-4.440892098500626e-16
186,2,520.6726,427.698,2.7607892654464594,2.6331384861368754,0.0
187,0,501.34088,604.7783,2.5954484033193115,11.074090267798818,0.0
187,1,525.1078,424.45352,2.8279858981163493,2.3503620237773504,0.0
188,0,499.7743,604.60803,2.58222484757966,11.0694969966801,0.0
188,1,522.3752,426.61124,2.786327648335468,2.5391121263884493,4.440892098500626e-16
189,0,498.00607,604.2708,2.5672231007511583,11.060402967259295,0.0
189,1,520.57556,428.24524,2.7593306982941694,2.679318303885257,0.0
190,0,495.28986,603.60596,2.544061601845263,11.042440719081595,0.0
190,1,519.1193,429.29395,2.7377532022076747,2.7685442056831313,0.0
191,0,492.9211,600.4527,2.522337960407305,10.956543488611947,0.0
191,1,517.9803,430.0281,2.721004948571039,2.830633181976932,0.0
192,0,490.62924,596.1189,2.5001867027004065,10.83631439673912,-4.440892098500626e-16
192,1,516.6171,430.17886,2.700939386315709,2.8445098110711697,0.0
193,0,487.77505,590.84045,2.4720148313448957,10.686363880656865,4.440892098500626e-16
193,2,518.8097,428.23425,2.7330737687388282,2.680290845576863,0.0
194,0,482.89902,584.1211,2.424099608453968,10.489706989311433,0.0
194,2,517.13385,428.13205,2.7081458592671326,2.6735049461529776,0.0
195,0,476.78482,578.19745,2.3642437898210336,10.31081029954186,0.0
195,2,514.72974,427.07794,2.6720410734506386,2.587149515374726,0.0
196,0,470.76782,574.87,2.3065350221183976,10.208091720586983,0.0
196,2,513.2937,426.11252,2.6501740037429977,2.506561611743738,0.0
197,0,463.7676,573.8131,2.242023189965667,10.175421782816848,0.0
197,1,514.48145,428.61957,2.6689097203637564,2.71720970275738,0.0
198,0,453.57562,572.4602,2.1478770555529674,10.133467066807372,0.0
198,1,513.0343,427.7192,2.647042381825677,2.643182150897651,0.0
199,0,442.3856,569.11456,2.040368342129589,10.02766591508528,0.0
199,1,511.9708,426.7593,2.6307071668992363,2.5631249833320062,0.0
200,0,429.42615,566.07574,1.915567963843375,9.930309368459573,0.0
200,1,511.18094,425.69556,2.6182802424693747,2.473213261332017,0.0
201,0,418.0901,563.6613,1.8055559882655563,9.852051735549587,0.0
201,2,511.87625,424.54105,2.628072681723776,2.3729434820582327,4.440892098500626e-16
202,0,409.50565,561.7484,1.7211822321689614,9.78938428487445,0.0
202,2,509.95306,423.57068,2.5984109581156614,2.290733659312334,4.440892098500626e-16
203,0,402.15942,559.69446,1.6471095135739091,9.721274552949,0.0
203,2,508.92194,422.66602,2.5821153010383417,2.2126055437344228,0.0
204,0,396.6166,558.6829,1.5924446152739993,9.687679568410436,0.0
204,2,507.115,421.99658,2.5540718602000823,2.1556236144484657,0.0
205,0,391.7572,558.23126,1.5457562678058845,9.672879898875232,0.0
205,2,506.9305,421.2277,2.5505641237547416,2.0875505703273234,4.440892098500626e-16
206,0,388.715,559.15826,1.520587566433211,9.70456285265213,0.0
206,2,506.53226,420.24927,2.54355610858434,2.000448252268477,4.440892098500626e-16
207,0,386.5339,563.00116,1.513406523484619,9.83309408237056,0.0
207,2,505.18124,420.08136,2.522648937939466,1.9869684083220527,0.0
208,0,384.7768,568.8303,1.5168169829715206,10.022830981089738,0.0
208,2,504.78122,420.35208,2.5167957529312153,2.0117861714803205,0.0
209,0,383.59338,576.16046,1.53005160442859,10.253083854555383,0.0
209,2,504.68295,421.19363,2.516187857805983,2.0871765572761127,0.0
210,0,382.58624,584.0306,1.5459932378326273,10.490613773058131,0.0
210,2,504.80313,421.48386,2.5183299296295223,2.112862703728574,0.0
211,0,380.32565,592.0931,1.5512120824641127,10.724203196164513,0.0
211,2,504.7213,421.71805,2.5173293713365434,2.1337522937351423,4.440892098500626e-16
212,0,378.06744,600.2791,1.5566058277643513,10.951815777545427,0.0
212,1,507.68744,423.7282,2.564258073806059,2.307069988481903,-4.440892098500626e-16
213,0,374.7528,609.5047,1.5561553954898337,11.19749374938338,4.440892098500626e-16
213,1,503.87878,421.4528,2.5041939540901614,2.1111914020943345,0.0
214,0,372.0681,616.1154,1.5533621095734607,11.36686214492781,-4.440892098500626e-16
214,2,501.30328,419.25006,2.4620441543621827,1.916584092605568,0.0
215,0,370.19006,620.28845,1.550188073548742,11.471036293056715,0.0
215,2,497.52066,417.0925,2.4003973709109054,1.7239001113882928,0.0
216,0,369.21112,623.4102,1.5512123101582096,11.547645167053766,0.0
216,2,493.63205,415.18616,2.3364149692660487,1.5513493392125994,0.0
217,0,368.61203,625.4647,1.5522325472685783,11.597455349149259,4.440892098500626e-16
217,2,489.8017,413.57602,2.272951419046654,1.404106953241591,0.0
218,0,368.14624,626.4037,1.55119290098715,11.620052592763638,0.0
218,1,495.86752,417.6651,2.3757142299013605,1.778690147374018,0.0
219,0,367.93127,625.8625,1.5480026733699703,11.607018242420924,0.0
219,1,488.61197,413.90497,2.2549758652716356,1.4369388895727546,0.0
220,0,368.33643,624.2928,1.5467958044493402,11.569074999844206,0.0
220,2,482.787,410.97232,2.155392774402107,1.1627758632718184,0.0
221,0,369.4557,623.05206,1.5521388956015472,11.53891823329417,0.0
221,1,480.8389,411.01926,2.124548119501898,1.1700050986275592,0.0
222,0,371.02148,620.3055,1.5568383077482428,11.471487508709115,0.0
222,1,474.24985,409.0504,2.0130997558654404,0.9858601857617586,0.0
223,0,373.03354,616.27325,1.5615512061524022,11.370870510788556,4.440892098500626e-16
223,1,468.56552,408.2344,1.9189440078173483,0.9128195340616223,0.0
224,0,375.3364,610.9906,1.56515957428849,11.236059669281941,0.0
224,2,473.34848,410.39108,2.0034037132480607,1.1189916102237305,-4.440892098500626e-16
225,0,377.6635,606.2684,1.570670925859635,11.112593800516079,4.440892098500626e-16
225,1,462.93118,408.97458,1.8318113536575455,0.9942038443145371,0.0
226,0,379.29974,601.8049,1.5713188323570189,10.993225939286722,0.0
226,2,466.12015,410.63318,1.889498560848458,1.1525136256914053,0.0
227,0,379.93344,598.2599,1.5662639103822196,10.89652796105323,0.0
227,2,460.79816,410.85147,1.806121198637498,1.1809914575479254,-4.440892098500626e-16
228,0,379.03317,594.8749,1.5486332026658804,10.802607308191408,0.0
228,1,458.28625,410.0757,1.7628162427805085,1.1088652403939783,0.0
229,0,377.4606,591.60535,1.5253346234697494,10.710398733425254,0.0
229,1,454.97937,411.0248,1.7149799297245574,1.205691223880251,0.0
230,0,375.00375,588.6305,1.4950062989891264,10.625219679793622,-4.440892098500626e-16
230,1,452.75455,411.9023,1.684242877034907,1.2932654637190275,0.0
231,0,372.3756,585.5984,1.4625611029685635,10.537108596115178,0.0
231,1,451.6908,412.5659,1.67086211038158,1.3581649850364172,0.0
232,0,370.19797,584.3736,1.4396486073465118,10.501177735515354,0.0
232,1,451.8591,412.75092,1.6744191066202525,1.3755735504454663,0.0
233,0,368.66364,586.3764,1.4331271598546476,10.559975644021245,0.0
233,1,452.07068,412.67697,1.6773620856273483,1.3682516327443288,0.0
234,0,367.90552,587.3258,1.429794840665394,10.587635130757642,0.0
234,2,459.78146,410.99207,1.79067003601671,1.1960103800566486,0.0
235,0,368.39044,587.269,1.4337722728747946,10.585971256159967,0.0
235,2,459.9962,411.25195,1.795223768214457,1.22088041987719,0.0
236,0,367.81223,585.78735,1.423797940433121,10.542787339789282,0.0
236,1,455.8879,412.0998,1.7344178471709795,1.3080245387455705,0.0
237,0,366.23523,584.12946,1.4044923090600014,10.494114836417822,0.0
237,2,462.51913,411.28687,1.8352176476782716,1.2208459800129283,0.0
238,0,364.5944,581.0292,1.3793767431781945,10.401956617038584,4.440892098500626e-16
238,2,465.3119,412.2123,1.8830980110913755,1.3062422799848434,0.0
239,0,362.7559,578.0666,1.35262624810114,10.312540247208254,0.0
239,2,468.64224,413.45035,1.9402136842781887,1.4199798584519634,-4.440892098500626e-16
240,0,360.28305,575.04767,1.319638924709667,10.220056789988206,0.0
240,2,471.75827,414.5297,1.9928384075586267,1.5178953953582628,0.0
241,0,358.26108,573.3763,1.2953496482356228,10.168279036975795,0.0
241,2,474.37836,415.5172,2.0369824238189485,1.6070019128260142,0.0
242,0,356.0524,571.7891,1.2695171554980376,10.11872260471601,0.0
242,2,476.1825,416.3671,2.06769781623796,1.6836676222392555,0.0
243,0,353.66983,569.96387,1.2409632119559757,10.061225936767135,4.440892098500626e-16
243,2,477.50732,416.8983,2.0898315019018883,1.731056411811199,4.440892098500626e-16
244,0,350.83755,568.71564,1.2104661437492172,10.021685853276441,0.0
244,1,463.0234,413.6695,1.8531644368199158,1.4481036384178267,0.0
245,0,347.93796,567.1443,1.177813539495228,9.971509216602131,0.0
245,1,467.40686,414.31882,1.9241831795875761,1.503685025978438,0.0
246,0,346.43057,566.66364,1.1621687881906742,9.956130960244803,0.0
246,1,468.42908,414.36945,1.9403198782420001,1.507126583446663,0.0
247,0,345.84344,567.4657,1.160283908817924,9.982014187743284,0.0
247,1,467.6104,414.3596,1.927513099061117,1.5072588288903468,4.440892098500626e-16
248,0,347.46063,568.1441,1.177716102130648,10.003658057740967,0.0
248,1,465.04892,414.55154,1.8883374810667863,1.5286130655842847,0.0
249,0,350.87173,568.8436,1.2112988733758225,10.025770725257233,0.0
249,1,460.464,415.1096,1.8193714662203058,1.5867398713221768,-4.440892098500626e-16
250,0,356.14062,570.1037,1.2636727317948513,10.065488048520612,0.0
250,1,455.96887,415.6404,1.752106049128353,1.6418597726197817,0.0
251,0,363.2294,571.38135,1.3320863548122717,10.105405275660432,0.0
251,1,451.82,416.22586,1.690843320020923,1.7012516770529729,4.440892098500626e-16
252,0,371.56995,572.5479,1.410896577358684,10.141536585134496,0.0
252,2,466.30527,417.71146,1.9199827257596114,1.8195305081548838,0.0
253,0,379.42322,573.6608,1.484803332302903,10.175849880614036,0.0
253,2,458.6157,419.29132,1.8087531845124545,1.9719368892144367,0.0
254,0,387.2146,575.98083,1.5615983211913074,10.247348219407632,0.0
254,2,452.95395,421.5758,1.7331002962720832,2.181664957753661,0.0
255,0,394.40497,578.89166,1.6339745279709503,10.336081782904538,0.0
255,2,446.26062,423.4943,1.6419517130749441,2.3564888761482443,0.0
256,0,399.8785,581.2729,1.688849010072873,10.407769117794693,4.440892098500626e-16
256,2,440.5483,424.24777,1.5608992682986904,2.4277003070848515,-4.440892098500626e-16
257,0,404.80087,584.4196,1.7402840656940044,10.501331643738748,0.0
257,1,444.67285,419.2237,1.5966184098409242,1.9826074339360744,0.0
258,0,409.73972,585.8427,1.7868331241898403,10.543088304865798,0.0
258,1,440.14426,421.63193,1.5410388036231282,2.201438480522633,0.0
259,0,413.71054,586.6337,1.8232006561735723,10.566144496966691,4.440892098500626e-16
259,1,438.09625,423.5968,1.521063635255091,2.3745193522993873,0.0
260,0,417.91,586.67035,1.859704265955202,10.567090859175485,0.0
260,1,438.33984,424.9752,1.5320649874735635,2.492264656615312,4.440892098500626e-16
261,0,422.83105,586.69635,1.9024645619483804,10.56770600699484,0.0
261,1,441.0607,425.2506,1.5736693502096177,2.51269044401117,0.0
262,0,429.39883,586.09515,1.9582820893238506,10.549884919672843,0.0
262,2,445.81894,423.88168,1.6372743320637646,2.390376491961323,4.440892098500626e-16
263,0,436.60275,584.679,2.018340414398785,10.507902398949701,0.0
263,2,452.31003,423.69595,1.7330072073512288,2.367078736644512,0.0
264,0,444.87753,582.48083,2.0869662503722415,10.44215008685198,0.0
264,2,459.78458,424.71555,1.84855312723543,2.4463645962253118,-4.440892098500626e-16
265,0,455.16376,580.0512,2.1739509209189523,10.368448925923019,0.0
265,2,466.15994,424.7973,1.9436878584219852,2.4462774521317456,0.0
266,0,467.5221,579.03815,2.282472918702066,10.337016999461387,4.440892098500626e-16
266,3,610.5027,405.73572,4.261499819773007,0.44808166863963095,0.0
267,0,480.32974,578.8438,2.3965735987787307,10.330451100892526,0.0
267,3,574.43286,410.61206,3.6337066371080087,1.0001639461079534,0.0
268,0,492.79733,579.8425,2.5087407085627738,10.360365101345357,0.0
268,2,474.01358,425.0401,2.0614375726999166,2.458344461188041,0.0
269,0,503.5689,582.1283,2.605905137520276,10.42918988485523,0.0
269,3,552.6164,414.8564,3.267792464578857,1.443371311763471,0.0
270,0,513.0447,583.78015,2.690505182492558,10.478429348409174,0.0
270,2,481.08875,425.21072,2.1673848566791136,2.465096456781289,0.0
271,0,520.6622,585.8092,2.758074045415371,10.53856626990149,0.0
271,2,487.19333,425.30896,2.2587222539386547,2.4667306803786246,0.0
272,0,526.7601,587.38354,2.811720555920294,10.584837176672101,0.0
272,2,491.72186,426.0039,2.3276842884019415,2.5210829299747424,0.0
273,0,531.1535,588.2726,2.8501950142984103,10.61079624914227,0.0
273,1,460.15237,425.717,1.857946554593787,2.5313555314635074,0.0
274,0,533.51337,588.5544,2.8708576619562853,10.618978142529357,0.0
274,1,473.92862,425.47458,2.0614889422377614,2.4955708743895144,0.0
275,0,534.01544,588.53516,2.8752754687976707,10.61840303590149,0.0
275,2,496.8669,425.3547,2.4034283291487366,2.4598998953390705,0.0
276,0,533.49725,588.18677,2.870825833578479,10.608220701700377,0.0
276,2,500.97394,424.65103,2.4640378676530377,2.3947487107258,0.0
277,0,531.96686,588.0559,2.8574020285924076,10.60442815023319,0.0
277,2,505.1599,424.04294,2.526377293208834,2.3373410362986036,4.440892098500626e-16
278,0,529.51904,588.5053,2.835781351605208,10.617646757567341,0.0
278,2,508.69083,423.12598,2.5789621858020646,2.253274776292269,-4.440892098500626e-16
279,0,526.64795,588.30054,2.8106009353830324,10.611733057027186,0.0
279,2,511.92807,422.76978,2.627866923739619,2.218250055662999,0.0
280,0,523.1964,588.13525,2.7803041199377105,10.606987838321125,0.0
280,2,514.9669,421.9673,2.673785968097206,2.143821574794888,0.0
281,0,520.1323,588.7317,2.7534019696292567,10.624499265067298,0.0
281,2,517.8272,420.72064,2.7172607862572487,2.0292420927061485,0.0
282,0,517.5714,589.2967,2.7309941405875056,10.641022817213344,0.0
282,2,520.0074,419.61865,2.750746323554701,1.9272351164909551,0.0
283,0,515.5442,589.4965,2.713282113921227,10.646880542899671,0.0
283,2,522.17084,420.36,2.7840781033291595,1.9916061675290102,0.0
284,0,514.9772,588.65936,2.7082271348289795,10.622520054729867,0.0
284,2,524.68475,419.0598,2.8232223001681183,1.870710517437253,4.440892098500626e-16
285,0,515.84814,586.6168,2.715654776851798,10.562584488694128,0.0
285,2,527.75134,417.16534,2.8718017724580633,1.6925902114327762,4.440892098500626e-16
286,0,518.20276,582.5643,2.7362058827003293,10.441735484555428,0.0
286,2,529.50995,414.65253,2.9010201401743974,1.454317058654052,0.0
287,0,520.91095,577.4875,2.7604008995096514,10.286651483374296,0.0
287,2,529.7218,413.97107,2.9048504997885405,1.3890738121372976,0.0
288,0,523.4152,572.12274,2.7834186273481003,10.1181488933455,-4.440892098500626e-16
288,2,529.7218,413.97107,2.9048504997885405,1.3890738121372976,0.0
289,0,526.3539,566.48,2.8111963992205973,9.935520041090612,0.0
289,2,527.2839,416.86682,2.864634857251323,1.6654339237675302,-4.440892098500626e-16
290,0,529.5019,560.71344,2.8418607297107745,9.742906126907075,0.0
290,3,545.9192,416.44595,3.1582365522245217,1.6023381498879843,0.0
291,0,532.8101,555.3595,2.874933464617565,9.558369420030983,0.0
291,3,541.5976,419.30182,3.08572301468174,1.8720130732611082,0.0
291,6,537.4292,427.19928,3.011696972375141,2.5726548981231616,-4.440892098500626e-16
292,0,535.7953,551.50543,2.905237012232174,9.421924303337478,0.0
292,4,577.8674,433.54187,3.5982026681811137,3.056834098186485,-4.440892098500626e-16
293,0,538.7948,548.71326,2.9358140522284355,9.321037974957813,0.0
293,3,538.27844,418.9286,3.0345711155781183,1.8419828004054324,0.0
294,0,542.4755,546.76556,2.9730970865083313,9.249442542160203,0.0
294,3,537.6747,418.36078,3.0258684214644234,1.7906218822033964,0.0
295,1,498.9304,460.3866,2.4769237744841477,5.062997970868405,0.0
295,3,537.77637,417.74066,3.028227824585064,1.7332798228734205,4.440892098500626e-16
296,0,548.5018,544.3092,3.034503900606635,9.15771904451048,0.0
296,4,566.3125,427.5061,3.445818012224506,2.5671147479238705,-4.440892098500626e-16
297,0,554.9474,543.4579,3.099441677730933,9.124911140357469,0.0
297,4,567.40295,425.20828,3.469484797562002,2.367970127565485,-4.440892098500626e-16
298,2,543.28754,456.25897,3.060733746930524,4.760946184234161,0.0
298,4,568.6846,422.7592,3.497095137202122,2.151001432044609,0.0
299,0,565.09576,545.5203,3.1980818536605415,9.200159079721988,0.0
299,5,618.0621,438.93378,4.161582561820371,3.446557251013644,-4.440892098500626e-16
300,0,574.6681,549.21204,3.2875331421809912,9.334151150910467,0.0
300,3,548.0104,416.20676,3.1917337049607504,1.5771883019387332,0.0
301,0,583.60205,553.3682,3.368225163796978,9.48214217219426,0.0
301,2,554.8194,442.87286,3.239907129342906,3.804741617408002,0.0
302,0,591.7362,557.2655,3.439947620138444,9.618014223950512,0.0
302,2,565.02203,432.66086,3.4114996188510913,2.9982224626889327,0.0
303,0,598.4346,560.8893,3.497063398233191,9.741967473582402,0.0
303,3,559.989,414.50668,3.3863814225819606,1.4002307002095442,0.0
304,0,603.9102,563.09766,3.544593049555038,9.816227792297392,0.0
304,2,573.1689,425.81027,3.555391621690819,2.4137209815966543,0.0
305,0,608.4231,564.9477,3.5832965600134408,9.87780426254454,4.440892098500626e-16
305,2,579.57166,421.87958,3.6689482104784084,2.0594391958825398,0.0
306,0,611.9897,565.7739,3.6151240074009636,9.904983814197418,4.440892098500626e-16
306,2,584.0936,418.4914,3.75451063893534,1.744592139309173,0.0
307,0,614.2063,566.17035,3.6351234788355558,9.91794368912834,0.0
307,2,587.5866,415.81815,3.822791073775792,1.4890281840712873,0.0
308,0,615.1196,566.4396,3.643096146792191,9.92678155631593,0.0
308,2,590.0293,413.54465,3.87370713475626,1.2671649983503066,0.0
309,0,615.88556,566.97687,3.6490123887517476,9.944472056901855,0.0
309,1,527.6957,444.472,2.8580105362106147,3.9465461981939214,4.440892098500626e-16
310,0,616.9799,566.5993,3.660263746848422,9.931909612939332,0.0
310,1,548.3038,432.90063,3.1648657736036467,3.0346791293704456,0.0
311,0,618.3405,565.4781,3.67593177367407,9.8946014288954,0.0
311,2,592.1343,411.27863,3.9201805310850584,1.0415900041358022,0.0
312,0,620.5587,563.89307,3.701056874385227,9.841425633498378,0.0
312,2,593.77466,410.02847,3.9541589390441167,0.9143152068440372,0.0
313,0,623.7047,560.04553,3.7414629227358605,9.71054227121285,0.0
313,2,594.6368,409.48834,3.9715059215958073,0.8586166759154104,0.0
314,0,627.74396,555.57684,3.79327765228921,9.55483056656743,4.440892098500626e-16
314,2,595.6823,408.42715,3.995083940167776,0.7492532236664147,0.0
315,0,631.6299,549.2719,3.850689259248849,9.328403726340321,0.0
315,2,596.03314,407.22986,4.008123010266884,0.6257132473628104,0.0
316,0,636.0034,543.0915,3.91477481285344,9.098099616291446,0.0
316,2,596.52844,406.47592,4.021017940748606,0.5467645214175434,-4.440892098500626e-16
317,0,640.7229,537.0939,3.984172467410464,8.86623867604995,0.0
317,2,597.23737,405.75925,4.037376786713937,0.47080790038167564,0.0
318,0,645.4134,532.3076,4.051083707936929,8.674842774130388,0.0
318,2,597.8036,405.54822,4.048246461752993,0.447791479409716,0.0
319,0,650.5503,528.4533,4.1208600451123205,8.516215015168417,0.0
319,2,597.889,405.4618,4.050232324278217,0.43857464328610973,-4.440892098500626e-16
320,0,655.5746,524.486,4.191662243556549,8.348884661881433,0.0
320,2,599.14484,405.62625,4.070377778076907,0.45393981501478464,-4.440892098500626e-16
321,0,661.38135,520.55414,4.272655540867202,8.17856331136716,0.0
321,2,601.0389,406.0736,4.099409364356079,0.49795227647770446,0.0
322,0,667.79517,518.7479,4.3516715736219265,8.097830181519962,0.0
322,2,602.4614,406.40805,4.121151786138549,0.5307368834795732,0.0
323,1,590.7666,457.3396,3.693147162870936,4.799306069462464,0.0
323,2,603.46173,406.42215,4.1378864066775725,0.5306954337098198,4.440892098500626e-16
324,1,623.6354,474.94202,4.047188089140308,5.884183524513007,0.0
324,2,605.3294,406.14264,4.171241622117978,0.49866069469284824,0.0
325,0,679.97076,518.15076,4.488742071876269,8.068166720970556,0.0
325,2,606.89185,405.82947,4.199787405577111,0.46345266007945085,0.0
326,0,691.9187,521.0628,4.603501403671227,8.19274659073173,0.0
326,2,608.6791,405.74695,4.230577328717745,0.45205190364181647,0.0
327,1,654.67285,490.5741,4.349660302756534,6.742116602004474,0.0
327,2,610.03326,405.0562,4.258540294968682,0.3770971478462748,0.0
328,0,702.7595,524.23004,4.702850223222631,8.326517933967606,0.0
328,2,610.0026,403.55762,4.2691198342952035,0.21731318082798978,0.0
329,1,676.98517,502.18884,4.546479390786506,7.325309580119601,0.0
329,2,609.3249,402.38605,4.2662568580664475,0.09179770463612513,0.0
330,0,711.08014,525.8035,4.78330142848198,8.391400609529926,0.0
330,2,610.0764,401.69803,4.284396534416346,0.01555001426903857,0.0
331,0,717.8324,526.78894,4.849992992487415,8.431403177043746,0.0
331,2,611.75574,401.93268,4.311569966735336,0.038480044727410956,0.0
332,0,722.4075,527.2598,4.8962998493045475,8.450138015011037,0.0
332,2,615.25134,402.1286,4.3703168907420995,0.05420925880491012,0.0
333,0,725.27045,527.4129,4.926179194998116,8.455902622093397,0.0
333,2,619.8149,403.12164,4.440762338247358,0.15473995940858032,0.0
334,0,727.1903,527.6808,4.94508990957473,8.466694151350183,0.0
334,2,625.9952,404.1924,4.537621694419261,0.2602090977336715,0.0
335,0,728.31195,528.62305,4.950796010346112,8.505814886123993,0.0
335,4,591.31433,417.5899,3.873327636424104,1.651424257780608,0.0
336,0,728.7043,529.72186,4.947591103861711,8.551361677353318,0.0
336,4,608.75385,415.5467,4.164510808982643,1.435257581876062,4.440892098500626e-16
337,0,728.87354,531.15967,4.939756444333602,8.610575548172196,0.0
337,5,628.60535,430.17865,4.3749773092068684,2.726016146906847,4.440892098500626e-16
338,0,729.14545,531.8418,4.938104543763256,8.638446452261503,0.0
338,5,636.877,423.4616,4.553373390170686,2.1330994423851735,0.0
339,0,729.4749,531.54065,4.943625967823412,8.626060302805138,0.0
339,5,643.75195,419.1102,4.699315270139838,1.7268207619907479,0.0
340,0,729.7234,531.13544,4.948991412662329,8.609399417282951,0.0
340,5,648.86346,416.1587,4.809125631273352,1.4408262633367173,0.0
341,0,730.04376,531.36896,4.9508436607889665,8.618907356041326,0.0
341,3,591.7495,413.08936,3.9040252074511965,1.2204677340003016,0.0
342,0,730.81146,531.8177,4.956016262076764,8.637109058250482,0.0
342,3,613.9901,413.33646,4.264553769703246,1.2142271336540418,0.0
343,0,730.78534,532.6648,4.950061411693461,8.671648680522456,0.0
343,3,629.2518,412.05853,4.52483704091446,1.067065753375811,0.0
344,0,729.88605,533.845,4.932679257076134,8.71964709737785,0.0
344,5,653.03516,412.6091,4.912748372154187,1.088482653932342,-4.440892098500626e-16
345,1,691.6621,513.2708,4.647058324462758,7.845342517669392,0.0
345,3,641.54645,410.98105,4.738106437002292,0.9419119875740201,0.0
346,0,728.212,535.66516,4.903096896659386,8.793046824367892,0.0
346,2,639.5477,407.26654,4.740062341459973,0.564281339347211,0.0
347,0,727.23,538.4211,4.8751372179207095,8.90233160461119,0.0
347,3,651.2648,412.32904,4.886270723797505,1.0631075700623214,0.0
348,0,726.5128,539.8583,4.858610016116643,8.958640883157308,0.0
348,2,649.03937,410.29144,4.869865018484989,0.8614452109266821,0.0
349,0,726.3728,542.00616,4.843792449637792,9.041730757227194,0.0
349,2,655.7155,413.18216,4.951176127683878,1.1415427207464859,0.0
350,0,726.5309,544.6051,4.82946742223123,9.140813193431923,0.0
350,2,661.3502,415.9764,5.014456678658174,1.406685254022971,0.0
351,0,726.64667,546.9641,4.816370753968565,9.229454961954458,0.0
351,2,664.7317,417.72314,5.050947143202116,1.5693323221712667,0.0
352,0,726.77106,549.1532,4.804548588484945,9.310626815236073,0.0
352,2,666.54114,419.22177,5.064226802297027,1.7083005256153463,0.0
353,0,727.35565,551.8342,4.794605714773004,9.40859292420156,0.0
353,2,665.9565,419.25824,5.054424223147658,1.712459233163635,0.0
354,0,728.1714,554.94916,4.784599920063024,9.520529497791163,0.0
354,3,654.31055,414.57834,4.913694871677912,1.280581886423807,0.0
355,1,701.8783,526.9953,4.67672041136315,8.44378962271493,0.0
355,2,663.9549,419.13846,5.023456909705489,1.7037912162316253,0.0
356,0,725.9195,555.37213,4.759810249215427,9.535862819461515,0.0
356,2,661.41064,418.22916,4.991878457699421,1.6215386514068122,0.0
357,0,722.0331,554.59174,4.725642830613417,9.508531686712082,0.0
357,3,652.6356,414.67072,4.885291569049857,1.291861507142766,4.440892098500626e-16
358,0,717.701,553.57935,4.688191755858416,9.472831127098706,0.0
358,3,652.6356,414.67072,4.885291569049857,1.291861507142766,4.440892098500626e-16
359,0,710.73816,552.8583,4.62274102395391,9.44779362511728,0.0
359,3,652.6356,414.67072,4.885291569049857,1.291861507142766,4.440892098500626e-16
360,0,703.3361,551.5854,4.555565526342019,9.402764352492953,0.0
360,3,652.6356,414.67072,4.885291569049857,1.291861507142766,4.440892098500626e-16
361,0,694.8297,550.17255,4.477616741063136,9.352504406194955,0.0
361,3,652.6356,414.67072,4.885291569049857,1.291861507142766,4.440892098500626e-16
362,0,686.40106,549.12256,4.398202577303863,9.315233594136267,0.0
362,3,652.6356,414.67072,4.885291569049857,1.291861507142766,4.440892098500626e-16
363,0,677.69415,548.74365,4.312598231911771,9.302550117105124,0.0
363,2,661.41064,418.22916,4.991878457699421,1.6215386514068122,0.0
364,0,669.1989,547.2497,4.233824621513019,9.248645304413424,0.0
364,2,640.95557,413.60034,4.703904617285094,1.203122058748523,0.0
365,0,661.8421,545.796,4.165804708401986,9.195680747606398,0.0
365,2,623.6604,410.1087,4.448342388561839,0.8795465247645389,0.0
366,0,653.886,544.6128,4.090174602610017,9.15259830577464,0.0
366,3,628.68176,412.41452,4.512470413189245,1.1031768381484994,-4.440892098500626e-16
367,0,645.8645,545.6614,4.0052960059388845,9.19310117280852,0.0
367,3,609.8986,409.2074,4.226377073781455,0.8080476304819442,0.0
368,0,639.00385,548.0958,3.9279749567075486,9.284282005789585,0.0
368,3,594.782,407.3886,3.9862593980087953,0.643967308454112,-4.440892098500626e-16
369,0,632.0467,553.0519,3.843008563080847,9.464796386516111,0.0
369,2,600.0833,409.47955,4.061684596521625,0.8498739131933206,0.0
370,0,624.43506,559.5985,3.7497304760640615,9.695110758555927,0.0
370,2,583.1484,409.1805,3.783376188705769,0.8440482515729641,0.0
371,0,614.74554,567.1528,3.6378422747735417,9.950366669108263,0.0
371,2,570.722,409.0608,3.5791183464364904,0.8498564152886665,0.0
372,0,603.45886,574.661,3.5160214052267396,10.19356672035609,0.0
372,2,560.65466,409.94153,3.410938067567692,0.9527307991887213,0.0
373,0,592.2085,580.43414,3.4024722987929774,10.373859744563035,0.0
373,2,551.8109,410.36035,3.265601667472443,1.0069504689324695,0.0
374,0,583.286,584.0318,3.3164098982566603,10.48338333552965,-4.440892098500626e-16
374,2,543.8373,410.38782,3.1359966087796893,1.0208657885943033,0.0
375,0,574.96906,586.3157,3.2390688977213937,10.551858993479922,0.0
375,2,536.2832,410.62567,3.013252109804255,1.0549676837524729,4.440892098500626e-16
376,0,567.617,586.3703,3.173656118890274,10.553708254214431,0.0
376,2,529.98804,410.2461,2.911799817680538,1.026210509731051,0.0
377,0,561.1072,585.7141,3.11647275173855,10.534434085733187,0.0
377,2,522.4602,410.31885,2.79015213689979,1.0439199367621406,0.0
378,0,552.85754,585.58203,3.0432866390129694,10.530777067230677,0.0
378,2,514.9722,409.99033,2.6693261661359027,1.0218899475070309,0.0
379,0,543.8912,586.74524,2.9630860935897205,10.56552826833119,0.0
379,2,506.51135,409.97104,2.5330249380042416,1.0317997285890321,-4.440892098500626e-16
380,0,534.33453,590.6124,2.8774245765348097,10.678813888716457,0.0
380,2,496.89877,409.63763,2.3779822398049695,1.0122655307831785,0.0
381,0,524.75616,594.08984,2.793407987698131,10.778666370494818,0.0
381,2,486.5501,409.72522,2.21213147976717,1.0353560906822388,4.440892098500626e-16
382,0,515.7446,596.4666,2.715721641492558,10.845849846179368,0.0
382,2,474.72528,410.15268,2.0244985650649383,1.0937645758807797,0.0
383,0,510.14224,597.83673,2.667919153062519,10.884176889111409,0.0
383,2,462.55444,411.0059,1.834574143940361,1.1935874278521261,0.0
384,0,505.58908,598.06305,2.6290620874981134,10.89049758612419,0.0
384,2,451.9422,411.43365,1.6691294684622826,1.2492806995548413,-4.440892098500626e-16
385,0,502.781,598.00574,2.6050594003723075,10.888917909115174,-4.440892098500626e-16
385,2,443.41006,410.99948,1.5325434495231351,1.2188870475481153,0.0
386,0,500.49692,597.7015,2.585429347119479,10.880464322301885,0.0
386,2,436.0618,410.97263,1.4168830251834004,1.226209299986813,-4.440892098500626e-16
387,0,498.34088,596.7024,2.5665444744845742,10.85259391397541,0.0
387,2,430.1884,411.4057,1.3275905713263516,1.2757703215613105,0.0
388,0,497.109,593.72253,2.55450802090509,10.768614986991865,0.0
388,2,426.03668,412.19214,1.2680703115246672,1.356463899934056,0.0
389,0,495.82834,589.67975,2.541292251913816,10.65265831234956,0.0
389,2,422.7546,413.16257,1.2238193077408221,1.4527131719819124,0.0
390,0,493.73923,585.8818,2.5208372202846907,10.541574891754392,0.0
390,2,420.54916,413.5819,1.1926664161961569,1.4950313693618682,0.0
391,0,490.898,583.2502,2.494097532469778,10.463399208583043,4.440892098500626e-16
391,2,418.53058,414.20114,1.1659802612930081,1.5555939166707944,4.440892098500626e-16
392,0,487.23837,581.2762,2.4602185498530793,10.4041441282762,0.0
392,2,417.81467,414.44778,1.1567521396003357,1.5794996952364535,0.0
393,0,482.94818,579.5366,2.4205830945684093,10.351497941816866,0.0
393,2,417.362,414.84644,1.1526970934803638,1.6171223303113678,0.0
394,0,479.18057,578.3701,2.385848259271522,10.315990080096945,0.0
394,2,417.58734,415.00803,1.157329014380442,1.6318151878740288,0.0
395,0,475.32465,577.54346,2.3504897664745696,10.29077000216499,0.0
395,2,418.48132,414.4215,1.16681651960756,1.576202539169806,0.0
396,0,471.77383,576.38416,2.317354740481417,10.255140774114707,0.0
396,2,420.11575,414.9886,1.1959925708110073,1.6268137263243503,4.440892098500626e-16
397,0,468.5121,575.1376,2.2865305899835886,10.216575003833235,0.0
397,2,423.68604,413.91397,1.243452484307472,1.5221257140442574,0.0
398,0,465.21082,574.78973,2.256347185866212,10.205913588204472,4.440892098500626e-16
398,2,429.05203,412.60333,1.3177685100092922,1.3915760747912032,0.0
399,0,462.54303,574.4975,2.2319111458950904,10.196939091457653,0.0
399,2,435.3015,411.07898,1.4056105790970381,1.2374883615934529,-4.440892098500626e-16
400,0,460.51645,573.65594,2.2124423206712347,10.170688427204034,0.0
400,2,442.08746,410.34494,1.5079522446584495,1.157269605908759,0.0
401,0,458.6737,573.1049,2.1949873459529394,10.153473645767562,0.0
401,2,449.29294,409.98203,1.6198126979958798,1.1120665561089353,-4.440892098500626e-16
402,0,457.4737,571.701,2.182008241897444,10.10917305831665,0.0
402,2,456.0825,410.13666,1.728154652956618,1.117844797218286,0.0
403,0,457.00168,570.7614,2.176280259645746,10.079320985870929,4.440892098500626e-16
403,2,461.96082,409.73434,1.8196549933793067,1.0703720827722059,0.0
404,0,457.34134,569.7258,2.177776384596458,10.04618510813562,0.0
404,2,467.41162,410.55377,1.9096714412857327,1.1430113470981134,4.440892098500626e-16
405,0,458.33536,568.9461,2.185656529176775,10.021057917142139,0.0
405,2,473.86166,412.36722,2.0183674956131146,1.309694300741782,0.0
406,0,461.24542,567.8981,2.210735450990971,9.986988803253725,0.0
406,3,563.8723,410.13412,3.462889654091673,0.9674135030071938,0.0
407,0,464.85028,566.9099,2.2424437986495467,9.954605988140338,0.0
407,2,478.65558,413.2497,2.0966936736706883,1.3877209968795405,0.0
408,0,468.8587,566.1082,2.278305631478248,9.928102661091335,0.0
408,2,482.72903,414.21786,2.1634231188883697,1.474259747035216,0.0
409,0,471.2267,565.197,2.2990358353936093,9.898006748642294,0.0
409,3,543.6198,411.65497,3.130219359614883,1.1460943665988488,0.0
410,0,473.1893,564.65485,2.3165540726597165,9.879974119997465,0.0
410,3,530.6164,412.97885,2.9198322231541396,1.2925430622979768,0.0
411,0,474.8769,564.44507,2.331958174007161,9.872899849496548,0.0
411,3,522.5601,413.9919,2.7911283710177384,1.4005393092461524,4.440892098500626e-16
412,0,476.28857,564.48096,2.3450955495363206,9.873961058983868,0.0
412,3,518.07495,414.22937,2.720068657967779,1.4290882314769675,0.0
413,0,477.20572,564.9787,2.3541470875777017,9.890303785834373,-4.440892098500626e-16
413,3,519.76855,415.778,2.7469283965544657,1.573265379531474,0.0
414,0,477.909,566.2594,2.362028715378295,9.93230017532995,0.0
414,3,522.4776,416.20303,2.789460206225486,1.6096174609899982,0.0
415,0,479.20197,567.3292,2.375069779487923,9.967105951447934,0.0
415,3,527.9656,416.25034,2.8756621426315667,1.60702033000997,0.0
416,0,480.488,568.2403,2.387818283648249,9.996580962715301,0.0
416,3,534.5485,418.37628,2.977071149260742,1.7959374881046948,0.0
417,0,483.17163,568.68536,2.4128975873025986,10.010773023201425,0.0
417,3,540.22174,418.52805,3.0654074420301023,1.8028355798165023,4.440892098500626e-16
418,0,487.0012,569.7247,2.448932267053786,10.043984619010304,0.0
418,2,506.1492,417.90005,2.5353680200096886,1.7874848719690881,0.0
419,0,491.73782,570.9071,2.4931836883634433,10.081542943091149,0.0
419,1,663.01666,498.92935,4.402403193135278,7.1689323633188184,0.0
420,0,497.56625,571.07166,2.5465834992553433,10.08639443376819,0.0
420,1,639.70953,480.3038,4.222029307222693,6.18586946171259,0.0
421,0,503.01767,569.772,2.595915678394634,10.044334665878598,0.0
421,1,626.9343,467.9473,4.12389311043046,5.459182021582851,0.0
422,0,509.65155,570.97614,2.6572036733710602,10.082498330441773,0.0
422,2,537.47577,422.44452,3.0178713881059465,2.1597267284917088,4.440892098500626e-16
423,0,516.5198,572.92975,2.720374006554954,10.144230311028483,0.0
423,2,561.3525,427.75037,3.370316686506171,2.5933419777779463,0.0
424,0,523.8674,574.85443,2.7873191237271895,10.204453884563357,0.0
424,2,582.6045,432.039,3.6740343607563024,2.929285610217555,0.0
425,0,530.75024,576.80023,2.84944706069947,10.264816463965596,0.0
425,2,599.0511,435.725,3.9008083134813702,3.21147938025781,4.440892098500626e-16
426,0,536.0909,578.56683,2.8971654221151564,10.319186969760235,0.0
426,3,571.08014,427.02463,3.5194642457628715,2.5207018835065362,-4.440892098500626e-16
427,0,540.1118,580.3404,2.932619781955582,10.373371955575733,0.0
427,3,593.91876,433.78583,3.8343375664501664,3.060429388942058,0.0
428,0,543.628,582.4998,2.9630414187264535,10.438771579838676,0.0
428,2,614.96515,441.04428,4.104541137124782,3.6126222964714074,-4.440892098500626e-16
429,0,546.6528,584.31744,2.9889767114068477,10.493277273400572,-4.440892098500626e-16
429,2,629.84985,444.72314,4.295962324449702,3.8773631534138495,-4.440892098500626e-16
430,0,548.69104,585.41235,3.0064073666093587,10.525868570572973,0.0
430,2,641.5864,447.02652,4.447460075303633,4.037536391111189,4.440892098500626e-16
431,0,549.3814,587.21857,3.0113370292433954,10.57933096118835,0.0
431,2,653.15906,449.29816,4.594497398800549,4.193028620238842,0.0
432,0,548.27637,588.28894,3.0008917102758614,10.610821599591086,0.0
432,2,661.8601,449.80835,4.712975794244975,4.2226672223081785,0.0
433,0,546.2239,589.7412,2.9819582929923714,10.653276860680782,4.440892098500626e-16
433,2,670.89386,450.4954,4.834411642402815,4.264647653458461,0.0
434,0,543.3773,590.9527,2.9563535087702433,10.688465686260194,0.0
434,2,678.9555,451.08612,4.942632898046703,4.300394321025614,0.0
435,0,541.0931,592.0835,2.935855618907244,10.721094684556313,0.0
435,2,687.2719,452.78842,5.043899774463195,4.414529167615093,-4.440892098500626e-16
436,0,539.0449,593.2244,2.9175296266144475,10.753811681935327,0.0
436,2,696.30164,455.01498,5.148925837339224,4.563227056057187,0.0
437,0,537.24664,594.50433,2.9014278769956143,10.790271135654711,0.0
437,2,703.0384,455.903,5.233791431305257,4.61954141326267,0.0
438,0,535.8814,596.5291,2.888918915718497,10.84743836368522,0.0
438,1,655.44293,465.3313,4.5126808274172285,5.276856741647677,-4.440892098500626e-16
439,0,534.8553,598.6333,2.8794200807369696,10.906220911023814,4.440892098500626e-16
439,1,675.7239,463.47852,4.7954887727901605,5.144734041110894,4.440892098500626e-16
440,0,534.0782,600.1147,2.8723264515125306,10.947230136070731,0.0
440,1,690.5902,462.29202,5.00471057270228,5.057532535946869,0.0
441,0,532.52545,602.10046,2.8585612830341818,11.001721623607091,0.0
441,1,701.17346,461.47406,5.155016515171345,4.996544073288117,-4.440892098500626e-16
442,0,530.1931,604.4813,2.8382673580855977,11.066331811534257,0.0
442,1,708.1163,461.14557,5.25232012911653,4.970032503659471,-4.440892098500626e-16
443,0,588.4403,561.2125,3.401019684742213,9.753963810608187,0.0
443,1,651.24255,506.3911,4.227708762577729,7.5373269768183615,0.0
444,0,565.2128,577.1555,3.1620064561831778,10.273991739136932,0.0
444,1,672.24677,492.38666,4.550201312824227,6.830041430856911,0.0
445,0,609.8838,541.3862,3.655386033597766,9.037657433204357,0.0
445,1,621.475,529.0705,3.8111516006415846,8.548086818363268,0.0
446,0,639.2681,515.3835,4.053167757796824,7.956298192637016,0.0
446,1,584.36707,555.32587,3.3722561467658556,9.551133497634249,0.0
447,0,657.34576,496.01736,4.351704434603754,7.0239541297743955,0.0
447,1,555.64154,573.70087,3.0779595031482327,10.166152007118344,0.0
448,0,603.12994,532.9451,3.608139208120506,8.709105340542918,0.0
448,1,595.93304,536.58936,3.525066193379996,8.854813529884572,0.0
449,0,626.7954,507.32782,3.946232695231422,7.589802059634684,0.0
449,1,556.71216,561.9804,3.098539282056985,9.783068830624813,0.0
450,0,574.75696,542.6424,3.2986320881764373,9.091085016763268,0.0
450,1,592.3108,527.28125,3.508812425838812,8.480792038730863,0.0
451,0,536.05853,568.67126,2.9006817677009726,10.00628120746867,0.0
451,1,614.88324,503.18192,3.826251396662112,7.3958543887180905,0.0
452,0,507.50745,589.01965,2.6429356350582958,10.633207260013782,0.0
452,1,629.58295,485.42017,4.072019929233674,6.476082808788547,0.0
453,0,487.11145,602.6434,2.474638235757223,11.016324835363712,0.0
453,2,688.7695,451.42032,5.077559799835066,4.316382496186648,-4.440892098500626e-16
454,0,470.91882,612.8873,2.348648086505121,11.287130942680392,0.0
454,2,677.8989,448.05844,4.9545947030972375,4.082590689777749,0.0
455,0,457.58597,621.57794,2.2499832101466546,11.506185710722328,4.440892098500626e-16
455,2,667.27716,444.5991,4.8329636887540595,3.8354085645707734,0.0
456,0,447.29535,629.038,2.177669148831012,11.686953106809975,0.0
456,1,630.97345,470.57324,4.162522320480427,5.618235474611767,0.0
457,0,439.31735,634.75305,2.1232674693775175,11.821105738126173,0.0
457,2,654.2337,441.5392,4.669675121697374,3.6147059289349777,4.440892098500626e-16
458,0,433.20145,639.4659,2.083052979759401,11.929058190479887,0.0
458,2,641.98047,437.8159,4.519246279264786,3.3359426657519187,-4.440892098500626e-16
459,0,428.186,643.1874,2.0505049513003453,12.012622909657308,0.0
459,2,630.0127,435.3967,4.359751455321762,3.1545236119612987,0.0
460,0,423.8459,644.8602,2.020273631061001,12.049566365026468,-4.440892098500626e-16
460,2,619.26044,432.97824,4.215582948440734,2.9686932206097794,0.0
461,0,418.86194,646.49335,1.9853652948348377,12.085291756596158,0.0
461,2,609.3906,431.91858,4.074282471084217,2.891583847611745,0.0
462,1,562.7342,521.52606,3.205913489525212,8.245713568366186,0.0
462,2,601.8534,430.53558,3.9687644960590234,2.7845130457914102,-4.440892098500626e-16
463,0,413.6392,642.6611,1.9391136920216703,11.999830150433704,0.0
463,2,595.334,429.53424,3.8756825813263034,2.707456000959187,0.0
464,1,513.6881,551.9515,2.6909876747532513,9.440658170593917,0.0
464,2,589.86743,429.2197,3.794738878740927,2.6868240902583764,0.0
465,0,409.7678,632.71826,1.890558759429665,11.771955122080037,0.0
465,2,585.7801,428.7853,3.734999966970744,2.6545384192832344,4.440892098500626e-16
466,0,407.42004,623.77594,1.8539699350748675,11.558147284390412,0.0
466,2,581.8163,428.84927,3.674957189630388,2.6642369803636257,-4.440892098500626e-16
467,0,406.74747,618.0147,1.8363250408336707,11.415681383261235,0.0
467,2,578.5651,428.4116,3.6276475224462588,2.6307135348009822,0.0
468,0,406.82855,616.86707,1.8344831318488977,11.38684576510493,0.0
468,2,574.99554,427.2135,3.5781293719885277,2.532549702805717,0.0
469,0,407.03195,618.11707,1.8388290194552297,11.418254861273683,0.0
469,2,571.42535,426.42706,3.526721959987083,2.46897136788364,0.0
470,0,407.2225,619.1681,1.8426196583076568,11.444522542610782,0.0
470,2,568.6545,426.01172,3.485981453013145,2.4362338362466467,0.0
471,0,407.90897,619.4319,1.8486763386590261,11.45111713236156,0.0
471,2,566.3056,424.52078,3.454875304396136,2.3092187720858597,-4.440892098500626e-16
472,0,407.05118,620.6414,1.844405395945509,11.48111161141921,0.0
472,2,563.53876,423.30716,3.416121066774068,2.20563680591421,0.0
473,0,405.73953,621.7638,1.836362994511511,11.50876951368147,0.0
473,2,560.52905,421.9675,3.3735729108303407,2.0900238180293407,0.0
474,0,405.8524,622.56323,1.8389730485709044,11.528419447221633,0.0
474,2,557.0584,419.92285,3.325200692790434,1.909677006387028,0.0
475,0,407.77597,625.6656,1.8607219599880191,11.604055097390003,0.0
475,2,553.21155,418.85248,3.2677759923853635,1.8165160139803262,0.0
476,0,411.853,631.9749,1.9053018060575493,11.75463670786655,0.0
476,2,548.94403,418.47,3.2018405002883052,1.7866383086730302,0.0
477,0,416.72488,638.8147,1.9556901362000207,11.913167511408151,0.0
477,2,544.8971,418.53204,3.138428345474207,1.797389592976188,0.0
478,0,420.29266,645.24164,1.9940387035720442,12.05776073378916,-4.440892098500626e-16
478,2,541.0283,418.6305,3.0778487733530215,1.8112463218703283,4.440892098500626e-16
479,0,423.0744,652.4835,2.026764869529206,12.215799269875333,0.0
479,2,537.7596,419.03345,3.02636197141049,1.852216606559864,4.440892098500626e-16
480,0,424.4535,659.96106,2.048562988703065,12.373737377483877,0.0
480,2,535.10516,419.88208,2.9841809556177377,1.9327532666595246,0.0
481,0,425.5341,665.1669,2.0642043512138546,12.480754798336758,0.0
481,2,532.68365,420.17786,2.9464212528628324,1.9624767188312333,0.0
482,0,425.47818,668.16394,2.0681735821933676,12.54123696174821,-4.440892098500626e-16
482,2,530.15436,420.32858,2.9072229662774216,1.9791498619452952,0.0
483,0,424.7233,669.25946,2.064338093382248,12.563079453765388,4.440892098500626e-16
483,2,526.2484,419.60434,2.8472459310341423,1.918337841486121,0.0
484,0,423.03845,669.6481,2.052816083093969,12.570659200706768,0.0
484,1,513.81055,510.7232,2.6839819019144446,7.78271641254557,0.0
485,0,419.17886,668.1259,2.0227922994209737,12.539844258889193,0.0
485,1,511.9818,482.1413,2.654906675860163,6.352169946414524,0.0
486,0,414.17456,665.3419,1.9822697085888517,12.483206848588134,0.0
486,2,518.5323,417.5386,2.727713528191992,1.738749170004251,4.440892098500626e-16
487,0,409.05704,661.86926,1.9392688142387322,12.411769339342932,4.440892098500626e-16
487,1,506.4244,461.70645,2.575230325104867,5.1427448341255655,4.440892098500626e-16
488,0,405.1724,658.61957,1.905095959592847,12.344073961544531,0.0
488,2,508.74323,415.47733,2.5736298635011314,1.5592246872485553,0.0
489,0,402.12024,655.43536,1.8767220185147209,12.276914705388949,4.440892098500626e-16
489,1,499.05273,446.1241,2.4627063641196454,4.090678496999331,0.0
490,0,398.59314,653.3067,1.846532300878592,12.231389835390017,0.0
490,2,498.50894,412.93207,2.4092179265390237,1.331018272638044,0.0
491,0,394.46085,649.25244,1.8075877480362326,12.143765696654649,-4.440892098500626e-16
491,2,488.54813,411.19464,2.247643325266402,1.1765587998085252,0.0
492,0,388.83057,646.2745,1.7590635959992031,12.078240815038631,0.0
492,2,480.24585,409.62952,2.1109501454942174,1.0346960449477045,0.0
493,0,384.20023,643.12585,1.717090999221587,12.008162370910343,0.0
493,1,484.62454,434.3744,2.2407513889046746,3.2159451033873836,0.0
494,0,380.6984,639.5682,1.6821509823237002,11.92795342249262,0.0
494,1,471.00507,426.5267,2.021397411045318,2.58808624395407,0.0
495,0,378.47385,634.4062,1.652465833206302,11.809505925753111,0.0
495,1,459.77893,421.98407,1.8375172185949435,2.2096118637530964,0.0
496,0,393.76425,568.1346,1.5959435546316922,9.999828031603471,0.0
496,1,433.05383,480.77054,1.70817107339903,6.314928947156046,0.0
497,0,403.1311,521.47003,1.527801228623309,8.282866059540106,0.0
497,1,413.4788,520.6153,1.6321852355282676,8.244281539967877,0.0
498,0,408.23816,488.2213,1.4478864311868702,6.725295494897171,0.0
498,1,399.1321,546.61584,1.5768645174537317,9.264757797029413,0.0
499,0,394.638,522.68604,1.4447328604707206,8.335805001961308,0.0
499,1,402.99496,505.26248,1.4623768912109574,7.5662796249938165,0.0
500,0,383.8205,546.278,1.428446260739496,9.254719252166927,0.0
500,2,458.32697,408.20993,1.7547498947934745,0.9248618232863564,0.0
501,0,375.7487,561.9896,1.4107990554967702,9.80059230566956,0.0
501,2,442.44818,407.17816,1.4950782960613649,0.8444612255342143,0.0
502,0,369.65988,572.37256,1.3932117493562883,10.136158855514282,0.0
502,2,429.3588,405.9952,1.2776675999396727,0.7443586567349847,-4.440892098500626e-16
503,0,365.07648,578.62506,1.375033988631182,10.329403307951203,0.0
503,2,418.63385,405.01245,1.0982023696801555,0.6604051638461605,0.0
504,0,361.82388,582.9468,1.3620835684305215,10.459273555521998,4.440892098500626e-16
504,2,408.616,404.43207,0.9324792898314351,0.6160010477749331,0.0
505,0,359.82693,584.4623,1.3502068344019653,10.504150476597335,-4.440892098500626e-16
505,2,399.73203,404.34662,0.78916537503122,0.6203553052889603,-4.440892098500626e-16
506,0,358.79837,583.7292,1.3386631446848012,10.482559772341611,0.0
506,2,391.94357,403.96448,0.6606665221746626,0.5928410738489696,-4.440892098500626e-16
507,0,358.18542,581.42865,1.324938298758946,10.414188857443976,-4.440892098500626e-16
507,2,386.24176,403.00122,0.5593283146273329,0.5025514496950798,0.0
508,0,357.7505,578.2458,1.3093088431424718,10.318240401885046,0.0
508,2,381.95032,402.54514,0.4854738537826533,0.46195201733351254,0.0
509,0,357.47723,574.0857,1.2911085654398515,10.19040812163258,0.0
509,2,379.1822,402.30313,0.4382912653936355,0.4410970221447421,0.0
510,0,357.14725,570.677,1.2749476863668552,10.083577404357015,0.0
510,2,376.96243,402.1717,0.40111038937682686,0.4308366317380816,0.0
511,0,357.20416,567.85175,1.2643112880072869,9.993539071904124,0.0
511,2,374.8256,401.3348,0.3571303152307257,0.3470925460887919,0.0
512,0,357.32648,565.9369,1.2577696458998828,9.931730833448606,0.0
512,2,372.87708,400.37927,0.3144735666116376,0.24995048495364003,0.0
513,0,358.10312,564.76184,1.2601033204342544,9.893426919015793,0.0
513,1,392.28287,472.0101,1.1772879289668667,5.840012486459173,0.0
514,0,359.02786,563.3506,1.262852615282631,9.84709562512318,0.0
514,1,384.12695,449.05402,0.9275008410264922,4.388934346336178,4.440892098500626e-16
515,0,359.77557,562.15375,1.2648664143933623,9.807524097694762,0.0
515,1,377.0075,432.4625,0.7001390232966243,3.1695508573794946,0.0
516,0,360.09937,560.7992,1.262357274694885,9.762472635046915,4.440892098500626e-16
516,1,370.8634,421.88358,0.5145536727508739,2.302587302585522,-4.440892098500626e-16
517,0,360.19656,558.59937,1.2542770941960297,9.688634747301712,0.0
517,1,366.47742,413.39847,0.3612930313971474,1.5473522732535336,4.440892098500626e-16
518,0,360.30392,555.41394,1.242091011766564,9.580128194121375,4.440892098500626e-16
518,1,362.43045,406.79828,0.22382722552669954,0.9199384779162116,0.0
519,0,360.32782,552.2927,1.2291758328559663,9.47195072534531,0.0
519,1,358.28397,402.04895,0.09986971323643878,0.4462538616523801,0.0
520,0,360.57098,549.51825,1.219609929921529,9.374169756373796,0.0
520,1,354.86008,398.414,-0.00284546635100158,0.06970403938072778,0.0
521,0,361.0164,547.2647,1.2140953363120368,9.293583492123028,4.440892098500626e-16
521,1,352.48453,394.79733,-0.09155432444861233,-0.3197445394377958,0.0
522,0,361.1331,545.2041,1.2062013974195587,9.219030962060291,0.0
522,2,364.6218,396.15607,0.12730646427289471,-0.19026203529742247,0.0
523,0,360.73138,543.2288,1.1935901482014135,9.146819254896606,0.0
523,2,358.29022,393.8925,-0.007812009593819447,-0.43015643121241354,0.0
524,0,359.59192,541.1681,1.1732890990038523,9.070732838531212,0.0
524,2,354.81952,391.79846,-0.09524172636500605,-0.6606990286646344,0.0
525,0,358.52924,539.5187,1.1554001256756683,9.009216530321973,4.440892098500626e-16
525,2,352.04288,389.8486,-0.17052882673514125,-0.8803746817000295,0.0
526,0,356.6634,538.8022,1.133861004777119,8.982554436917727,0.0
526,2,349.7129,388.47122,-0.23086196583105378,-1.0374045588879959,-4.440892098500626e-16
